Instrument,CF_NAME,YTD Total Return,Company Market Cap,GICS Sector Name
SHW.N,SHERWIN-WILLIAMS,-7.20088174062127,60959735555.46,Materials
DTE.N,DTE ENERGY,-3.0392883617494304,22811038433.64,Utilities
LOW.N,LOWES COMPANIES,-0.12378410996963801,117052476725.25,Consumer Discretionary
WBA.OQ,WALGREEN BOOTS,21.3341001643524,41413515565.55,Consumer Staples
MAR.OQ,MARRIOTT INTERNL,12.242268041237098,48036003190.5,Consumer Discretionary
EMR.N,EMERSON ELECTRIC,7.51448078938339,51542548824.8,Industrials
WEC.N,WEC ENERGY GROUP,-11.669252011912901,25436640579.84,Utilities
LEG.N,LEGGETT& PLATT,-2.32505643340861,5754365447.05,Consumer Discretionary
REG.OQ,REGENCY CENTER,20.1579293704761,9303230045.34,Real Estate
MS.N,MORGAN STANLEY,12.736203577409,139407763763.6,Financials
BLK.N,BLACKROCK INC,-3.7475399839232404,106004211603.0,Financials
WYNN.OQ,WYNN RESORTS,16.7508641318799,15230026258.29,Consumer Discretionary
HOLX.OQ,HOLOGIC INC,-1.0160648084580601,18574838585.28,Health Care
BRKb.N,BERKSHRE CL B,3.72622590244533,566407113161.28,Financials
DVN.N,DEVON ENERG,36.242884250474205,14498574000.0,Energy
ALLE.N,ALLEGION PLC,-6.530331672108559,9869859267.66,Industrials
PEAK.N,HEALTHPK PROPRTS,-2.80169028715828,15670383361.58,Real Estate
DLTR.OQ,DOLLAR TREE INC,-9.10773787486118,23095869326.4,Consumer Discretionary
PAYX.OQ,PAYCHEX INC,-1.57048057257599,32842680105.48,Information Technology
AAL.OQ,AMERICN ARLNS GP,32.7837666455295,13394811252.0,Industrials
TER.OQ,TERADYNE INC,7.35192241239451,21438614626.92,Information Technology
WDC.OQ,WESTERN DGTL CRP,23.7226936270084,20976839676.87,Information Technology
PWR.N,QUANTA SERVICES,16.425992779783403,11643486465.0,Industrials
XOM.N,EXXON MOBIL,34.1685255829915,230174479409.2,Energy
CMA.N,COMERICA INC,21.9119226638024,9485379324.0,Financials
DISCK.OQ,DISCOVERY INC C,71.8213058419243,23308950375.2,Communication Services
NDAQ.OQ,NASDAQ INC,4.18110592135001,22789588225.86,Financials
DPZ.N,DOMINOS PIZZA,-9.63594638293434,13445802171.04,Consumer Discretionary
HES.N,HESS CORP,24.1333585906421,20122783594.72,Energy
BXP.N,BOSTON PPTY,4.86618004866184,15445013687.98,Real Estate
BEN.N,FRANKLIN RES,4.72188875550226,13226416189.84,Financials
APA.OQ,APACHE CRPTN ORD,39.250475178891,7455196957.83,Energy
AMAT.OQ,APPLIED MATL,37.197825957118795,108458333734.08,Information Technology
FLT.N,FLEETCOR TECHNO,1.64204816185911,23132176926.1,Information Technology
ZION.OQ,ZION BNCORPRT NA,23.220503158103,8731263697.0,Financials
RF.N,REGIONS FINANCL,27.977667493796602,19818705280.16,Financials
DISH.OQ,DISH NETWORK A,-2.56648113790974,16579621426.5,Communication Services
PEG.N,PUBL SVC ENTER,-7.6672384219553695,27229797409.36,Utilities
ALL.N,ALLSTATE CP,-3.02920040025469,32286307211.6,Financials
SLB.N,SCHLUMBERGER LTD,28.4476806382368,39025693037.08,Energy
PGR.N,THE PROGRESSIVE,-8.85597603866275,50332147068.6,Financials
NOV.N,NOV INC ORD,9.97815003641658,5861989829.7,Energy
SWKS.OQ,SKYWORKS SOLUTNS,16.6203440986705,29322521022.94,Information Technology
EL.N,ESTEE LAUDER,7.5859796610389605,103698429526.56,Consumer Staples
NOC.N,NORTHROP GRUMMAN,-3.81005513258071,48625083877.44,Industrials
PKG.N,PACKAGING AMER,-4.27090131245006,12519220812.28,Materials
CSX.OQ,CSX CORPORATION,1.18794070336836,69807338059.9,Industrials
MSCI.N,MSCI,-7.003125099781919,34228841016.36,Financials
CERN.OQ,CERNER CORP,-11.9011213047911,21177188524.26,Health Care
MGM.N,MGM RESORTS INT,19.9301808949539,18700508285.45,Consumer Discretionary
ANSS.OQ,ANSYS INC,-6.26992853216054,29581484006.36,Information Technology
UNH.N,UNITEDHEALTH GP,-5.264058400821259,315217216276.2,Health Care
ALGN.OQ,ALIGN TECH INC,6.12485497211719,44876958540.53,Health Care
NLSN.N,NIELSEN HOLDINGS,7.3790129372304705,8018108882.01,Industrials
TTWO.OQ,TAKE TWO,-11.227681794119,21245669319.0,Communication Services
BIO.N,BIO-RAD LABS A,0.267609016365244,17526071985.2,Health Care
CAG.N,CONAGRA BRANDS,-5.68423139954641,16577484723.54,Consumer Staples
XLNX.OQ,XILINX INC,-8.090569231854369,31959593100.0,Information Technology
INCY.OQ,INCYTE CORP,-9.56541733731891,17292889474.02,Health Care
ADBE.OQ,ADOBE INC,-8.08805886587218,220044029000.0,Information Technology
NTRS.OQ,NORTHERN TRUST,2.1365686063990603,19816947064.53,Financials
SPGI.N,S&P GLOBAL INC,0.428892374501877,79276952000.0,Financials
CVX.N,CHEVRON,20.053476054818002,192637676400.0,Energy
AIZ.N,ASSURANT,-9.059228977210699,7134814437.1,Financials
PRGO.N,PERRIGO CMPN PLC,-9.749552772808551,5508789150.52,Health Care
CNC.N,CENTENE CORP,-2.4820922871897997,34046456385.98,Health Care
AKAM.OQ,AKAMAI TECH INC,-9.99142775502426,15424315515.0,Information Technology
COG.N,CABOT OIL GAS,14.318409815134801,7393259535.48,Energy
BIIB.OQ,BIOGEN INC,11.4432737074247,41569374275.28,Health Care
K.N,KELLOGG CO,-7.26337779206166,19849372447.81,Consumer Staples
EQIX.OQ,EQUINIX INC,-8.82349740185578,57888893097.42,Real Estate
DD.N,DUPONT DE NMOURS,-0.689073266769768,37838419464.48,Materials
MPWR.OQ,MONOLITHIC POWER,2.2636048384894902,16889728440.0,Information Technology
WFC.N,WELLS FARGO & CO,20.214536418963302,149530638507.09,Financials
SJM.N,J M SMUCKER,-2.34909751336855,12273589440.0,Consumer Staples
ZBRA.OQ,ZEBRA TECH,29.948221580412604,26703226578.58,Information Technology
CPRT.OQ,COPART INC,-14.2161100196464,25796359899.4,Industrials
BFb.N,BROWN FORMAN B,-9.88291577489614,33413012730.24,Consumer Staples
NOW.N,SERVICENOW INC,-3.08304416547056,104611506000.0,Information Technology
TT.N,TRANE TCHNLG ORD,5.566271700192949,36536813988.0,Industrials
IBM.N,INTL BUS MACHINE,-4.25986542049465,106275145123.7,Information Technology
PAYC.N,PAYCOM SOFTWARE,-17.249309010502998,22524959583.84,Information Technology
DXC.N,DXC TECHNLGY COM,-2.05825242718447,6420860503.46,Information Technology
NFLX.OQ,NETFLIX INC,-0.34767813881237997,238654111389.85,Communication Services
GL.N,GLOBE LIFE INC,-1.45261468841185,9646669746.8,Financials
HON.N,HONEYWELL INTL,-4.43398242556215,140734659523.65,Industrials
APTV.N,APTIV PLC,15.004988870980101,40460602040.16,Consumer Discretionary
GIS.N,GENERAL MILLS,-5.622234743768081,33635127255.98,Consumer Staples
NRG.N,NRG ENERGY,-2.00654299459367,8916502649.34,Utilities
SEE.N,SEALED AIR CP,-8.49530465167067,6491115820.8,Materials
ROST.OQ,ROSS STORES,-5.024020845208,41577856217.28,Consumer Discretionary
BMY.N,BRISTOL MYERS SQ,-1.1284862163468898,137408341133.49,Health Care
ALB.N,ALBEMARLE,6.56860086767892,18335785735.19,Materials
APD.N,AIR PRODS & CHEM,-6.441695337090991,56562798621.8,Materials
DOW.N,DOW INC,8.084186876362919,44121572553.6,Materials
REGN.OQ,REGENERON PHAR,-6.7355260706671105,48270419732.43,Health Care
XRX.N,XEROX HOLDINGS,9.874946097455869,5061668400.88,Information Technology
OXY.N,OCCIDENTAL PETE,53.726169844020795,24788671045.98,Energy
VTR.N,VENTAS INC,7.8711256117454305,19819464697.2,Real Estate
PNW.N,PINNACL WEST CAP,-11.5680788865134,7880523657.93,Utilities
AFL.N,AFLAC INC,8.45730695141549,32976435404.87,Financials
AON.N,AON PLC,8.025625524118691,51458895427.66,Financials
LMT.N,LOCKHEED MARTIN,-6.23415403684711,92504158087.75,Industrials
ZTS.N,ZOETIS INC,-6.05514928544844,73764827744.52,Health Care
ABC.N,AMERISOURCEBERGN,3.9751096130868704,20720356503.0,Health Care
CDNS.OQ,CADENCE DESIGN,3.41567104009386,39360441660.0,Information Technology
EA.OQ,ELECTRONIC ART,-6.7061281337047,38533258837.19,Communication Services
ORLY.OQ,O REILLY AUTO,-1.15783193760078,31405549243.77,Consumer Discretionary
FITB.OQ,FIFTH THR BNCP,25.825172288719603,24584731885.5,Financials
CHRW.OQ,CH ROBINSON WW,-3.21721529775222,12157134086.75,Industrials
ECL.N,ECOLAB INC,-3.23534849325198,59845546788.16,Materials
PHM.N,PULTEGROUP INC,4.61502782931358,11994489166.4,Consumer Discretionary
EXR.N,EXTRA SPACE STRG,8.4930088037287,16596564566.7,Real Estate
VRSN.OQ,VERISIGN INC,-10.337338262476901,21943737670.83,Information Technology
TXT.N,TEXTRON INC,4.15890751086283,11391161125.92,Industrials
EBAY.OQ,EBAY INC,12.6368159203981,38390750174.14,Consumer Discretionary
BAC.N,BANK OF AMERICA,14.5166611679314,299657881270.02,Financials
PYPL.OQ,PAYPAL HOLDI,10.9521776259608,304330021236.0,Information Technology
CMCSA.OQ,COMCAST CORP A,1.0736813809493,241492193387.84,Communication Services
EQR.N,EQ RESIDENT,10.3407557354926,24375900893.15,Real Estate
SBUX.OQ,STARBUCKS CORP,1.41659021444493,127183719000.0,Consumer Discretionary
EW.N,EDWARDS LIFE,-8.91154225583691,51897518346.3,Health Care
TMO.N,THERMO FISHER SC,-3.37069002533381,177238516368.96,Health Care
SLG.N,SL GREEN RLTY,13.656513248519799,4790061759.03,Real Estate
HPE.N,HWLTT PCKRD ENTP,22.8691983122363,18941037286.08,Information Technology
ENPH.OQ,ENPHASE ENRGY,0.336239813073425,22715492014.66,Information Technology
HAS.OQ,HASBRO INC,0.9036944748606941,12871227525.87,Consumer Discretionary
IR.N,INGERSOL RND ORD,1.7120280948200102,19405555966.3,Industrials
KHC.OQ,THE KRFT HNZ CO,4.96249278707448,44499133675.86,Consumer Staples
HAL.N,HALLIBURTON CO,15.5026455026456,19398853478.25,Energy
BR.N,BROADRIDGE FINCL,-6.99086161879892,16500173434.33,Information Technology
QCOM.OQ,QUALCOMM INC,-10.601286595772601,154711840000.0,Information Technology
ATVI.OQ,ACTIVISIN BLIZRD,2.97253634894996,74074226593.65,Communication Services
DGX.N,QUEST DIAG,-2.57298472010046,15426035823.99,Health Care
TDG.N,TRANSDIGM GROUP,-6.81586814252242,31537458343.06,Industrials
LNC.N,LINCOLN NATL,13.962643823814599,10916667440.47,Financials
IPG.N,INTERPBLIC GRP,12.202380952381,10204507505.48,Communication Services
JNPR.N,JUNIPER NETWRKS,4.30919591292758,7639846464.72,Information Technology
TMUS.OQ,T MOBILE US IN,-11.0344827586207,149099206077.45,Communication Services
CTLT.N,CATALENT INC,9.262996060344038,19356456906.94,Health Care
ESS.N,ESSEX PROP TR,7.31614859742225,16559949419.37,Real Estate
WLTW.OQ,WLS TWR WTSN LTD,4.72754888931082,28456057959.84,Financials
JBHT.OQ,J.B. HUNT TRAN,7.69078677298962,15524894231.22,Industrials
AMGN.OQ,AMGEN,-1.44214485116438,129906230864.36,Health Care
TAP.N,MLSN COORS BEV B,-1.6375304270856001,9672044536.807291,Consumer Staples
EFX.N,EQUIFAX INC,-15.8693143857918,19715054714.16,Industrials
UAL.OQ,UNITED AIRLNS HD,21.803468208092603,16428006821.76,Industrials
DISCA.OQ,DISCOVERY INC A,76.23795280824191,23308950375.2,Communication Services
GRMN.OQ,GARMIN LTD,3.64365702824672,23758681803.48,Consumer Discretionary
NI.N,NISOURCE INC,-4.91323789971032,8464169757.6,Utilities
ILMN.OQ,ILLUMINA INC,18.759459459459396,64109919000.0,Health Care
CSCO.OQ,CISCO SYSTEMS,1.08927872469136,189598831172.87,Information Technology
FRC.N,FRST REPBLIC BNK,12.2807278598017,28657173173.0,Financials
MDLZ.OQ,MONDELEZ INT CLA,-9.08158029758849,75068009956.44,Consumer Staples
FLIR.OQ,FLIR SYSTEMS,21.8343600273785,7008132963.0,Information Technology
VNO.N,VORNADO REALTY,16.5302338939906,8216769916.26,Real Estate
LHX.N,L3HARRIS TCH INC,-3.76150671886576,38221480650.67,Industrials
NKE.N,NIKE INC CL B,-4.534530289107259,212479323682.58,Consumer Discretionary
MRO.N,MARATHON OIL,66.93956686578171,8758743466.8,Energy
ANTM.N,ANTHEM INC,-5.57476097044443,74252955847.91,Health Care
PPL.N,PPL CORP,-7.1276595744681,20139711519.15,Utilities
CCI.N,CROWN CASTLE,-2.16093975752247,67176822039.25,Real Estate
FAST.OQ,FASTENAL CO,-4.4657025174537095,26632203252.43,Industrials
RJF.N,RAYMOND JAMES,22.529729569415604,16076399884.48,Financials
FCX.N,FREEPORTMCMORAN,30.322828593389698,49457071923.86,Materials
LNT.OQ,ALLIANT ENERGY,-9.68468618445506,11534509268.0,Utilities
NWSA.OQ,NEWS CORP CL A,30.495269894268198,13746653324.4,Communication Services
TSLA.OQ,TESLA INC,-4.27536950699329,648381041952.0,Consumer Discretionary
FFIV.OQ,F5 NETWORKS INC,7.97999317949298,11712422593.62,Information Technology
MCD.N,MCDONALD'S CORP,-3.33209059558208,153692241970.3,Consumer Discretionary
ADSK.OQ,AUTODESK INC,-9.608960503045779,60689475228.0,Information Technology
HST.OQ,HST HTL&RSRT ORD,13.3971291866029,11701997867.91,Real Estate
XEL.OQ,XCEL ENERGY INC,-12.1193940302985,31500845125.47,Utilities
IDXX.OQ,IDEXX LABS,4.06105587452748,44436084033.6,Health Care
LB.N,L BRANDS INC,46.9749932777629,15201414053.58,Consumer Discretionary
PCAR.OQ,PACCAR INC,5.80770356794271,31567781251.8,Industrials
PSA.N,PUBLIC STORG ORD,1.30342528038792,40918954219.5,Real Estate
PVH.N,PVH CORP,6.46501224837579,7107180990.0,Consumer Discretionary
KO.N,COCA-COLA CO,-10.667396061269198,211113179007.24,Consumer Staples
HRL.N,HORMEL FOODS,0.021485313403669,25036003085.29,Consumer Staples
TEL.N,TE CONNECTIVITY,7.801581914247,43025465982.92,Information Technology
JPM.N,JPMORGAN CHASE,16.6476292273645,449090202186.12,Financials
GE.N,GENERAL ELEC CO,16.1111111111111,109949992680.0,Industrials
FLS.N,FLOWSERVE CP,0.407055630936193,4820214590.0,Industrials
CDW.OQ,CDW CORP,19.339209149733,22120092894.55,Information Technology
BDX.N,BECTON DICKINSN,-3.62481016705299,70068541829.65,Health Care
MMC.N,MARSH & MCLENNAN,-1.1047305993171102,58553255558.42,Financials
WELL.N,WELLTOWER INC,6.013044688941281,28340308348.1,Real Estate
MSFT.OQ,MICROSOFT CP,4.7176037896295995,1752660099935.46,Information Technology
VFC.N,VF CORP,-7.352768996604611,30996306426.21,Consumer Discretionary
GPN.N,GLOBL PAYMNTS,-8.09117073623616,58455241161.98,Information Technology
MRK.N,MERCK & CO,-11.222493887530598,183751523810.16,Health Care
PG.N,PROCTER & GAMBLE,-10.6830853243029,304189665715.32,Consumer Staples
FANG.OQ,DIAMOND BAK ENGY,43.1404958677686,10947324024.16,Energy
UNP.N,UNION PACIFIC CP,-0.625587072614198,137958055603.48,Industrials
FB.OQ,FACEBOOK INC A,-5.68897349538733,733616732776.62,Communication Services
PXD.N,PIONEER NAT,30.450434629906002,32167868884.88,Energy
RE.N,EVEREST RE GP,3.29787688495875,9664099388.13,Financials
CTXS.OQ,CITRIX SYSTEMS,2.6748654880861302,16425494652.66,Information Technology
TSN.N,TYSON FOODS,5.70297951582863,24681457410.45,Consumer Staples
KSU.N,KANSAS CITY SO,4.02194679860872,19290631831.98,Industrials
WMT.N,WALMART INC,-9.87166146375298,367580827505.92,Consumer Staples
NVR.N,NVR INC,10.318491320780598,16568406692.04,Consumer Discretionary
IFF.N,INTL FLAV & FRAG,24.5038588754134,33704894950.56,Materials
KLAC.OQ,KLA CORP,20.540513536363303,47952653630.73,Information Technology
MTB.N,M&T BANK CRP,19.4344069128044,19416407196.48,Financials
HBAN.OQ,HUNTGTN BKSHR,21.4568487727632,15604545663.2,Financials
DLR.N,DIGITAL REALTY,-3.4262776861873996,37746655105.59,Real Estate
TRMB.OQ,TRIMBLE INC,11.0378912685339,18607258326.8,Information Technology
MTD.N,METTLER-TOLEDO,-2.07338902147973,26124554202.5,Health Care
CB.N,CHUBB LIMITED,5.626299376299441,73197565217.48,Financials
PEP.OQ,PEPSICO INC,-12.886041807147699,178231640330.79,Consumer Staples
ABMD.OQ,ABIOMED INC,0.10795805058607699,14679710015.3,Health Care
MCK.N,MCKESSON CRP,-2.5298988040478303,26982063411.68,Health Care
EVRG.N,EVERGY INC,-3.3867771572690097,12171057185.83,Utilities
MMM.N,3M COMPANY,0.990928487164289,101377246000.0,Industrials
MAA.N,MID AM APT COMM,7.19119825540093,15411678742.26,Real Estate
WM.N,WASTE MANAGEMNT,-5.96964300856443,46923430403.72,Industrials
AJG.N,ARTHUR J GALLAGR,-3.1606175733570496,23210052000.0,Financials
WHR.N,WHIRL POOL CORP,6.0130885932496,11971148112.0,Consumer Discretionary
RTX.N,RYTHN TCHNLG ORD,1.32342841653688,109387230866.66,Industrials
HSY.N,HERSHEY CO,-3.88273715061777,30173661337.95,Consumer Staples
CMG.N,CHIPOTLE MX GRL,3.98713501741534,40583741730.0,Consumer Discretionary
ORCL.N,ORACLE CORP,0.10425300012721901,189919633340.0,Information Technology
COST.OQ,COSTCO WHOLESAL,-11.977515514704,146618180799.0,Consumer Staples
VIAC.OQ,VIACOMCBS B ORD,73.0810520665593,39946424264.26,Communication Services
TDY.N,TELEDYNE TECH,-5.3523138935659995,13734417032.0,Industrials
ED.N,CONSOL EDISON,-8.15508442594771,22479817985.3,Utilities
STX.OQ,SEAGATE TECH,17.8088803088803,17332227034.11,Information Technology
APH.N,AMPHENOL A,-3.89233004511743,37650801038.48,Information Technology
WAB.N,WABTEC,-0.9053951634220071,13681738945.89,Industrials
PNC.N,PNC FINL SVC,13.832817482445199,71388090033.12,Financials
FE.N,FIRSTENERGY,9.57533969287017,18002148082.6,Utilities
CCL.N,CARNIVAL CORP,23.499538319482898,29447310844.2739,Consumer Discretionary
HLT.N,HILTON WLDWD HLD,11.1630415243573,34334532580.32,Consumer Discretionary
MCHP.OQ,MICROCHIP TECH,10.7788360340063,41097461044.19,Information Technology
AZO.N,AUTOZONE INC,-2.15278715076253,26398742231.52,Consumer Discretionary
WAT.N,WATERS CORP,10.6943658556301,17031416777.2,Health Care
WRK.N,WESTROCK COMPANY,0.5963425501674721,11486700319.71,Materials
CINF.OQ,CINCINNATI FIN,12.017855099004299,15776832106.14,Financials
FTV.N,FORTIVE CORPORTN,-6.96204076162176,22251949392.3,Industrials
TJX.N,TJX CO INC,-3.0017456849903197,79229651964.14,Consumer Discretionary
NSC.N,NORFOLK SOUTHERN,6.509054343904119,63496846466.04,Industrials
LRCX.OQ,LAM RESEARCH,20.0986723696192,81056167184.85,Information Technology
KMX.N,CARMAX INC,26.5191615498623,19425328809.01,Consumer Discretionary
MHK.N,MOHAWK INDS,24.150407946080197,12288909686.46,Consumer Discretionary
KEY.N,KEYCORP NEW,22.7300426569165,19511937161.28,Financials
BA.N,BOEING CO,-0.95767541810704,123601164288.6,Industrials
FOXA.OQ,FOX CORP A,14.3887362637363,19317449944.22,Communication Services
J.N,JACOB ENGNRG ORD,5.80518117067588,14970315407.88,Industrials
AVY.N,AVERY DENNISON,12.958545548320501,14550142568.99,Materials
LLY.N,ELI LILLY,21.860751283566298,196371840238.77,Health Care
SIVB.OQ,SVB FINANCIAL,30.3045148647603,26222353661.68,Financials
CTVA.N,CORTEVA INC,16.9421487603306,33594399300.0,Materials
LUV.N,SW AIRLINES,24.715726239004503,34336081563.62,Industrials
GILD.OQ,GILEAD SCI,5.38963268108485,77154819778.4,Health Care
ES.N,EVERSOURCE ENRGY,-8.12622818171307,27261907529.68,Utilities
V.N,VISA INC,-2.7510501845820703,453935979126.52,Information Technology
ITW.N,ILLINOIS TOOL WK,-0.833823817932111,64022776333.34,Industrials
GPS.N,GAP INC,23.5760277365031,9332025995.1,Consumer Discretionary
PBCT.OQ,PEOPLE UNTD FIN,40.5753924442799,7622106176.1,Financials
ABT.N,ABBOTT LABS,9.84549362549663,212193786501.24,Health Care
AXP.N,AMER EXPRESS CO,12.2637237509791,108963965434.8,Financials
SPG.N,SIMON PROP GRP,32.4108818011257,37094379894.72,Real Estate
JNJ.N,JOHNSON JOHNSON,1.31447645784768,416540604911.04,Health Care
ULTA.OQ,ULTA BEAUTY INC,12.2475275107954,18159633508.87,Consumer Discretionary
ZBH.N,ZMMR BIOMT HLDS,5.821273281848231,33892918482.24,Health Care
LW.N,LAMB WESTON HLDS,1.60862526345098,11674744891.14,Consumer Staples
UNM.N,UNUM GROUP,16.784830636823,5394803738.32,Financials
GS.N,GOLDM SACHS GRP,21.1482310113384,110474382452.28,Financials
ADP.OQ,AUTOMATIC DATA,-1.23723041997734,74470157084.4,Information Technology
CMS.N,CMS ENERGY CORP,-10.6311072211973,15634724884.94,Utilities
WY.N,WEYERHAEUSER CO,1.01401729794206,25326902160.0,Real Estate
CBOE.Z,CBOE GLOBAL MKT,6.71781786941581,10609509417.84,Financials
O.N,REALTY INCM CORP,-2.3086766328039503,22500521231.86,Real Estate
ROP.N,ROPER TECHNOLOGS,-12.2890082696083,39627290619.14,Industrials
FDX.N,FEDEX CORP,-1.9721130883599498,67460465664.0,Industrials
AMCR.N,AMCOR PLC,-6.09128047172086,17088035469.12,Materials
XRAY.OQ,DENTSPLY SIRONA,1.35599694423232,11598727595.13,Health Care
MLM.N,M MARIETTA,18.8294538155439,20982545894.25,Materials
KMI.N,KINDER MORGAN,9.53956802387446,33273974569.5,Energy
HBI.N,HANESBRANDS,22.3461918846756,6170358557.17,Consumer Discretionary
AEP.OQ,AMRCN ELCTRC ORD,-9.278551699291471,37170823920.9,Utilities
AVB.N,AVALONBAY COMM,9.549336159072391,24521956894.75,Real Estate
INTC.OQ,INTEL CORP,22.720318405658197,246949140000.0,Information Technology
DRI.N,DARDEN REST,15.631246053146,17897967174.11,Consumer Discretionary
LKQ.OQ,LKQ CORP,11.7763904653803,11947476972.21,Consumer Discretionary
ABBV.N,ABBVIE,1.72160388029423,190256093280.6,Health Care
ATO.N,ATMOS ENERGY,-10.745874291818499,10843676403.95,Utilities
PRU.N,PRUDENTIAL FINL,12.659589570944199,34427840000.0,Financials
KEYS.N,KEYSIGHT TCH INC,7.13907184495417,26334681978.0,Information Technology
SRE.N,SEMPRA ENERGY,-8.97103838003294,35094547556.52,Utilities
C.N,CITIGROUP,7.78363533882969,137512506677.76,Financials
L.N,LOEWS CORP,6.32880816322576,12767495937.98,Financials
ALK.N,ALASKA AIR GROUP,25.038461538461497,8077200267.92,Industrials
TGT.N,TARGET CORP,4.285101536497439,91861824985.04,Consumer Discretionary
LDOS.N,LEIDOS HLDGS INC,-15.8580669710807,12550590902.85,Information Technology
ICE.N,INTRCTNTL EXCHNG,-4.31954202446004,61961856810.96,Financials
INFO.N,IHS MARKIT LTD,0.595987814999632,38030515102.72,Industrials
MSI.N,MOTOROLA SOL,3.18711043161237,29661085031.12,Information Technology
STZ.N,CONSTELLATION A,-1.92080946456745,41581509552.6747,Consumer Staples
VNT.N,VONTIER CORP ORD,-5.9880239520958,5292362674.8,Information Technology
AIG.N,AMER INTL GROUP,16.0855784469097,38007549902.55,Financials
SCHW.N,CHRLS SCHWB CRP,16.739506045992,116178250263.16,Financials
IQV.N,IQVIA HOLDINGS,7.6017190377853705,36970783064.8,Health Care
DE.N,DEERE & CO,29.7602676082512,109427796797.76,Industrials
DFS.N,DISCOVER FINANC,4.40889413981711,28850490288.54,Financials
BBY.N,BEST BUY CO INC,0.561178474797086,25985115898.2,Consumer Discretionary
DG.N,DOLLAR GNRL CORP,-9.97887261971473,46302720657.97,Consumer Discretionary
EXC.OQ,EXELON CORPRTN,-8.574135480814789,37686639041.4,Utilities
MNST.OQ,MONSTER BEV CORP,-5.12543252595162,46319416259.18,Consumer Staples
AMD.OQ,ADV MICRO DEVICE,-7.85083415112857,101641160527.38,Information Technology
KMB.N,KIMBERLY-CLARK,-4.82088555959353,43422242366.92,Consumer Staples
WRB.N,W R BERKLEY CP,4.38121047877149,12296498308.44,Financials
TFX.N,TELEFLEX INC,-3.26797385620912,18588147157.2,Health Care
F.N,FORD MOTOR CO,33.1058020477816,45721762409.7,Consumer Discretionary
HWM.N,HOWMET ARSPC ORD,-1.50665732305539,12188908289.37,Industrials
D.N,DOMINON ENRG INC,-9.14893617021276,55041880924.8,Utilities
CFG.N,CITIZENS FINANL,22.7229146692234,18466622841.36,Financials
ANET.N,ARISTA NETWORKS,-3.69274185222152,21360627388.32,Information Technology
MCO.N,MOODY'S,-5.077917059263269,51431919000.0,Financials
MPC.N,MARTHN PETRO,33.5483946142092,35572631870.04,Energy
DHI.N,D.R. HORTON INC,11.8176235930709,27957750601.44,Consumer Discretionary
TFC.N,TRST FINANCL ORD,19.8531994563564,76736427186.56,Financials
AES.N,THE AES CORP,13.7141361528794,17675144683.2,Utilities
ODFL.OQ,OLD DOMINION,10.036889025514801,25114583329.47,Industrials
MOS.N,MOSAIC COMPANY,27.7705345501955,11145344254.8,Materials
ETR.N,ENTERGY CP,-12.1780827769063,17403668365.95,Utilities
NCLH.N,NORWGN CRUS LINE,16.2406606370429,9333331775.96,Consumer Discretionary
COF.N,CAP ONE FINAN,21.994235882937602,55195663780.6,Financials
QRVO.OQ,QORVO INC ORD,5.0881097010886,19790392794.11,Information Technology
A.N,AGILENT TECH,3.18981241649023,37278878198.64,Health Care
JKHY.OQ,JACK HENRY ASO,-8.36471387122666,11292909810.36,Information Technology
AVGO.OQ,BROADCOM INC,7.313006737467179,191802226142.5,Information Technology
MET.N,METLIFE INC,23.771076104822,50941395187.2,Financials
CAH.N,CARDINAL HLTH,-3.8088125466766805,15129752691.2,Health Care
DRE.N,DUKE REALTY,-1.1991226464581002,14670309651.75,Real Estate
ARE.N,ALEXANDRIA RE EQ,-10.3972618112445,21828464608.74,Real Estate
BK.N,BANK NY MELLON,0.113417935746285,37047475483.92,Financials
NUE.N,NUCOR,12.4647490129724,17829103225.56,Materials
DUK.N,DUKE ENERGY,-5.522660306946759,65789915812.2,Utilities
UPS.N,UNITED PARCEL B,-5.68124592564235,136844691032.07,Industrials
SO.N,SOUTHERN,-6.684019769536031,59930899915.2,Utilities
SYK.N,STRYKER,-0.9590270976167271,91300206613.98,Health Care
BSX.N,BOSTON SCIEN CP,7.872044506258709,54957686117.46,Health Care
UA.N,UNDER ARMOUR C,22.311827956989198,9105095335.07,Consumer Discretionary
CME.OQ,CME GROUP INC A,9.695138698159859,71692986368.9,Financials
SWK.N,STANLY BLK&DCKR,-2.08333333333325,28130532819.36,Industrials
PH.N,PARKER-HANNIFIN,5.67749841187286,37041131108.4,Industrials
RL.N,RALPH LAUREN COR,12.859070753807499,8560698291.28,Consumer Discretionary
CARR.N,CARRR GLB CR ORD,-3.15482502651111,31752356223.38,Industrials
PNR.N,PENTAIR PLC,5.716477771295071,9287934407.43,Industrials
POOL.OQ,POOL CORP,-10.1288590604027,13467586194.9,Consumer Discretionary
ROK.N,ROCKWELL AUTOMAT,-2.5857561895957004,28258208105.68,Industrials
VRSK.OQ,VERISK ANLYTCS,-21.0703791126741,26673400874.55,Industrials
STT.N,ST STREET CP,-0.013740038472176001,25599493198.89,Financials
FOX.OQ,FOX CORP B,10.5609418282549,19317449944.22,Communication Services
IT.N,GARTNER,11.7672763593233,15884705953.92,Information Technology
SYY.N,SYSCO CORP,7.86971559435832,40644104852.58,Consumer Staples
USB.N,US BANCORP,7.31916720326244,75106806550.0,Financials
AWK.N,AMERICN WTR WKS,-7.243823110416289,25742601499.4,Utilities
MAS.N,MASCO CORP,-2.86661088742969,13685115760.56,Industrials
VRTX.OQ,VERTEX PHARM,-10.0660066006601,55254511178.1,Health Care
SNA.N,SNAP-ON INC,19.432451842967602,11009190422.34,Industrials
PKI.N,PERKINELMER,-12.091559957084,14118862813.65,Health Care
NLOK.OQ,NORTONLIFELOCK,-5.5380366112615,11352881642.48,Information Technology
OKE.N,ONEOK INC,18.1076015222067,19708323422.55,Energy
CMI.N,CUMMINS INC,12.1155473699383,37386900268.8,Industrials
GPC.N,GENUINE PARTS CO,4.89893458130044,15212962664.2,Consumer Discretionary
ADI.OQ,ANALOG DEVICES,5.949778837703249,57481022878.44,Information Technology
FMC.N,FMC CORP,-11.520055686069801,13153965855.27,Materials
PM.N,PHILIP MORRIS,1.48568667713496,130857104941.12,Consumer Staples
CLX.N,CLOROX CO,-9.86849034377259,22774509976.65,Consumer Staples
ISRG.OQ,INTUITIVE SURG,-9.937660432709961,86734841966.4,Health Care
NVDA.OQ,NVIDIA CORP,5.05170432784368,340119600000.0,Information Technology
BWA.N,BORGWARNER,16.899585921325,10755947520.0,Consumer Discretionary
HCA.N,HCA HEALTHCARE,4.60294296485471,58476007525.0,Health Care
AEE.N,AMEREN CORP,-9.979502946451401,17803263228.35,Utilities
TYL.N,TYLER TECHNOL,6.162375148904901,18804068216.6,Information Technology
BKNG.OQ,BOOKING HOLDINGS,4.54547495364279,95379951603.96,Consumer Discretionary
AAP.N,ADV AUTO PARTS,1.80306012316675,10506840747.0,Consumer Discretionary
GWW.N,W W GRAINGER INC,-8.345985322630959,19520953483.07,Industrials
LEN.N,LENNAR CP CL A,9.16440583578102,25263911282.79,Consumer Discretionary
MXIM.OQ,MAXIM INTEGRATED,5.098702763677321,24973386212.39,Information Technology
MO.N,ALTRIA GROUP,6.34146341463413,81038868914.4,Consumer Staples
OTIS.N,OTIS WORLDWD ORD,-5.3872940592174805,27629179728.55,Industrials
IVZ.N,INVESCO LTD,29.5082655911947,10292400114.04,Financials
MDT.N,MEDTRONIC PLC,-0.145125490865661,157443953434.53,Health Care
PFE.N,PFIZER INC,-8.02981591152649,186794811653.59,Health Care
SYF.N,SYNCHRONY FIN,12.0977304528157,22584548217.4,Financials
XYL.N,XYLEM INC,-1.9118708011812202,17956491563.08,Industrials
GOOGL.OQ,ALPHABET INC A,15.363679934270598,1367940633586.55,Communication Services
KR.N,KROGER CO,1.96343459177364,24522988802.6,Consumer Staples
INTU.OQ,INTUIT INC,2.8707925345541603,106835890393.06,Information Technology
PSX.N,PHILLIPS 66,20.043024538067602,36286709116.9,Energy
MKC.N,MCCORMICK & CO,-11.8410041841004,22500471563.78,Consumer Staples
DAL.N,DELTA AIR LIN,19.224073613529,30592751120.1,Industrials
CHTR.OQ,CHARTER COMM ORD,-7.275338220844961,118838465112.64,Communication Services
CE.N,CELANESE,7.46219997806046,15859818103.76,Materials
HSIC.OQ,HENRY SCHEIN,-7.49326951839661,8811403966.5,Health Care
AME.N,AMETEK,-2.4557631883578597,27199622221.27,Industrials
ETN.N,EATON CORP,8.36524055268852,51828639000.0,Industrials
MKTX.OQ,MARKETAXESS,-2.4470964691632204,21123427859.38,Financials
NWS.OQ,NEWS CORP CL B,28.9814293753518,13746653324.4,Communication Services
STE.N,STERIS PLC,-7.56382185301728,14919654232.4,Health Care
IPGP.OQ,IPG PHOTONICS,1.59077706778681,12170862141.2,Information Technology
DHR.N,DANAHER,-1.11191140722071,156449896174.66,Health Care
HPQ.N,HP INC,17.8121187474583,36113956169.46,Information Technology
UAA.N,UNDER ARMOUR A,27.489807804309898,9105095335.07,Consumer Discretionary
PLD.N,PROLOGIS,-0.5920128436684661,73262265000.0,Real Estate
HII.N,HUNTINGTN INGALS,3.82711006542409,7092121251.6,Industrials
LUMN.N,LUMEN TCHNLG ORD,26.051282051282,13480268900.72,Communication Services
NTAP.OQ,NETAPP INC,-4.79985456893461,13983890796.2,Information Technology
CAT.N,CATERPILLAR INC,19.2318495963452,117720194490.36,Industrials
CPB.N,CAMPBELL SOUP CO,-5.1988294795598895,13777937872.32,Consumer Staples
NEM.N,NEWMONT CORP ORD,-9.20020036734018,43521087446.74,Materials
PFG.OQ,PRINCIPAL FNANCL,15.178391453336001,15424482184.14,Financials
WST.N,WEST PHARM SVCS,-0.8827886726781919,20797014246.9,Health Care
YUM.N,YUM! BRANDS INC,-4.18132227199293,31064726451.36,Consumer Discretionary
HFC.N,HOLLYFRONTR CORP,47.8916827852999,6152274063.44,Energy
AMP.N,AMERIPRISE FINCL,14.3990529269102,25830275975.88,Financials
UDR.N,UDR INC,8.16159459424466,12220120364.15,Real Estate
AMT.N,AMER TOWER CP,-3.7111289316582,96044808368.81,Real Estate
HD.N,HOME DEPOT INC,-2.74075747308185,278129045763.54,Consumer Discretionary
LVS.N,LAS VEGAS SANDS,5.033557046979901,47816567918.8,Consumer Discretionary
IP.N,INTNL PAPER CO,0.9144249031691309,19518264859.05,Materials
TROW.OQ,T ROWE PRICE GP,7.10086531475,36959177573.34,Financials
GD.N,GENERAL DYNAMICS,10.6282494738784,46795687076.13,Industrials
TSCO.OQ,TRACTOR SUPPLY,13.417575701446,18487340645.36,Consumer Discretionary
FBHS.N,FORTUNE BR HO SC,-2.70772157754564,11528713022.68,Industrials
COO.N,COOPER COS INC,6.28667166495502,18975625203.0,Health Care
DOV.N,DOVER CORP,-1.9794555252113601,17706206185.22,Industrials
GLW.N,CORNING INC,6.89861737566695,29382388075.36,Information Technology
CNP.N,CENTERPOINT,-9.49876070272919,10722713683.68,Utilities
BKR.N,BAKER HUGHE COMP,18.347269855955602,25468889330.88,Energy
RCL.N,RYL CRBN GRP ORD,24.8761547730621,22154902321.26,Consumer Discretionary
EOG.N,EOG RESOURCES,30.2365713837984,37674858204.24,Energy
VTRS.OQ,VIATRIS INC ORD,-20.7577374599787,18286594439.85,Health Care
URI.N,UNITED RENTAL,28.230779181579102,21470620696.88,Industrials
DXCM.OQ,DEXCOM,7.589527209780299,38257431454.14,Health Care
GM.N,GENERAL MOTORS,23.270893371758,73962055050.6,Consumer Discretionary
VZ.N,VERIZON COMMS,-4.86319799629934,228839616916.4,Communication Services
MU.OQ,MICRON TECH,21.747805267358302,102392001662.76,Information Technology
RMD.N,RESMED INC,-9.129106765768391,28051241213.52,Health Care
NEE.N,NEXTERA ENERGY,-4.2618472104645,144011591633.36,Utilities
VLO.N,VALERO ENERGY,38.12738329149511,31451171349.18,Energy
FRT.N,FED RLTY INV TR,18.855733082706802,7764589393.31,Real Estate
LIN.N,LINDE PLC,-7.3014306857425,127836333615.38,Materials
AOS.N,A O SMITH,8.79467128438942,9605002623.93,Industrials
SBAC.OQ,SBA COMMS CORP,-9.57005635699851,27891933916.87,Real Estate
RHI.N,ROB HALF INTL,25.0797567455304,8799982392.66,Industrials
T.N,AT&T,-1.28737171333569,198904883903.44,Communication Services
KIM.N,KIMCO REALTY CP,22.118587608261198,7926621900.6,Real Estate
HIG.N,HARTFORD FINL,4.20579828501433,18122400627.35,Financials
VAR.N,VARIAN MEDICAL,0.148562939260688,16096588754.51,Health Care
IEX.N,IDEX,-1.78167479696049,14811399970.29,Industrials
CBRE.N,CBRE GROUP INC,20.8067602040817,25428197722.44,Real Estate
IRM.N,IRON MOUNTAIN,18.012211668928,10034174069.85,Real Estate
TWTR.N,TWITTER INC,42.3084025854109,61505630725.28,Communication Services
DIS.N,WALT DISNEY CO,4.33822717739265,343157487466.96,Communication Services
MA.N,MASTERCARD I ORD,-0.74101585498888,351501263301.3,Information Technology
EXPD.OQ,EXPEDITORS,-3.4381242771527796,15555021802.88,Industrials
BAX.N,BAXTER INTL INC,-2.87635900309243,39241521524.86,Health Care
ROL.N,ROLLINS,-14.9219889865534,16324347685.42,Industrials
CTSH.OQ,COGNIZANT TECH,-10.054012664130198,38989535677.84,Information Technology
FISV.OQ,FISERV INC,1.3261900579658799,77235586009.49,Information Technology
PPG.N,PPG IND,-6.1474305541162,31923873431.1,Materials
LYV.N,LIVE NATION ENTN,20.930865541644,19293052430.58,Communication Services
TPR.N,TAPESTRY INC ORD,35.585585585585605,11708098503.22,Consumer Discretionary
EMN.N,EASTMAN CHEM,8.95492620662135,14844266168.04,Materials
BLL.N,BALL CORP,-8.19918437432924,28001653740.24,Materials
VMC.N,VULCAN MATRLS,12.8447171465174,22134038893.08,Materials
ACN.N,ACCENTURE PLC,-3.6182207819127594,165878804117.0,Information Technology
OMC.N,OMNICOM GP INC,10.197210197210199,14777939024.7,Communication Services
ADM.N,ARCHER-DANIELS,13.013701441285,31595068306.92,Consumer Staples
EIX.N,EDISON INTL,-14.0560331104744,20477506878.72,Utilities
NWL.OQ,NEWELL BRAND INC,10.2029992140148,9837982000.0,Consumer Discretionary
LH.N,LAB CRP OF AMER,17.8629329403094,23415216000.0,Health Care
UHS.N,UNIV HEALTH SVC,-8.85090909090906,10664423900.42,Health Care
WU.N,WESTERN UNION,5.834092980856839,9541597415.76,Information Technology
DVA.N,DAVITA INC,-13.0068143100511,11173022000.0,Health Care
RSG.N,REPUBLIC SVCS,-7.48701973001034,28410650705.17,Industrials
HUM.N,HUMANA INC,-7.46337777561118,48922431344.85,Health Care
WMB.N,WILLIAMS COMPS,13.915211970074802,27722972530.44,Energy
LYB.N,LYONDELLBASEL A,12.469997818023,34445725404.22,Materials
AMZN.OQ,AMAZON COM,-5.03541678820238,1557490500566.99,Consumer Discretionary
CRM.N,SALESFORCE COM,-2.7097470004044197,198689518384.0,Information Technology
TRV.N,THE TRAVELERS CO,3.6546270570634802,36697188652.5,Financials
AAPL.OQ,APPLE INC,-8.47707749852085,2035724520960.0,Information Technology
CVS.N,CVS HEALTH CRPTN,0.424364147500778,89342611108.38,Health Care
CL.N,COLGATE PALMOLIV,-11.5621865057109,63811913385.6,Consumer Staples
ETSY.OQ,ETSY INC,23.809791467595897,27764874024.52,Consumer Discretionary
JCI.N,JOHNSN CNTRL INT,19.7467267654003,40183974322.1,Industrials
CHD.N,CHURCH DWIGHT,-9.4465847849194,19299544110.0,Consumer Staples
EXPE.OQ,EXPEDI GROUP INC,21.6012084592145,23162192711.0,Consumer Discretionary
COP.N,CONOCOPHILLIPS,31.261750622841,70459753151.27,Energy
SNPS.OQ,SYNOPSYS,-5.41197346088567,37363423054.02,Information Technology
CF.N,CF INDUSTRIES,17.7634250102318,9697153027.2,Materials
ALXN.OQ,ALEXION PHARM,-2.23374295954942,33581775890.0,Health Care
CI.N,CIGNA CORP,0.8262080891536351,73852392699.4,Health Care
FIS.N,FIDELITY NATL IN,-2.4459211084405097,85715752596.0,Information Technology
FTNT.OQ,FORTINET,13.680737898067699,27554786673.15,Information Technology
TXN.OQ,TEXAS INSTRUMENT,5.6056217454757205,158529605433.57,Information Technology
CTAS.OQ,CINTAS CORP,-8.03677013640983,34065418199.42,Industrials
